{
  "optimizer": "manual_sgd",
  "epochs": 10,
  "lr": 0.01,
  "momentum": 0.9,
  "weight_decay": 0.0,
  "train_loss_last": 0.18056100298961003,
  "train_acc_last": 0.9477333333333333,
  "test_acc": 0.9478,
  "test_loss": 0.17505600911080837
}