{
  "optimizer": "manual_adamw",
  "epochs": 10,
  "lr": 0.001,
  "momentum": 0.9,
  "weight_decay": 0.01,
  "train_loss_last": 0.06127738956560691,
  "train_acc_last": 0.9804833333333334,
  "test_acc": 0.9692,
  "test_loss": 0.08951517573697493
}