{
  "optimizer": "adamw",
  "epochs": 10,
  "lr": 0.001,
  "momentum": 0.9,
  "weight_decay": 0.01,
  "train_loss_last": 0.06663416104788582,
  "train_acc_last": 0.9788333333333333,
  "test_acc": 0.9706,
  "test_loss": 0.09869785751998425
}